id_aeronave,modelo,nome_do_fabricante
1,"AS 350 B2","EUROCOPTER FRANCE"
2,R44,"ROBINSON HELICOPTER"
3,58TC,"BEECH AIRCRAFT"
4,206B,"BELL HELICOPTER"
5,EMB-200A,NEIVA
6,EMB-202,NEIVA
7,"R44 II","ROBINSON HELICOPTER"
8,"AS 350 B2",HELIBRAS
9,C35,"BEECH AIRCRAFT"
10,EMB-720D,NEIVA
11,182E,"CESSNA AIRCRAFT"
12,A188B,"CESSNA AIRCRAFT"
13,A36,"BEECH AIRCRAFT"
14,PA-36-375,"PIPER AIRCRAFT"
15,AT-502B,"AIR TRACTOR"
16,EMB-810D,NEIVA
17,Desconhecido,Desconhecido
18,EMB-201A,NEIVA
19,EMB-810C,EMBRAER
20,PA-25-235,"PIPER AIRCRAFT"
21,RV-4,"Van's Aircraft"
22,210L,"CESSNA AIRCRAFT"
23,V35B,"BEECH AIRCRAFT"
24,PA-46-350P,"PIPER AIRCRAFT"
25,EMB-711C,NEIVA
26,EMB-710C,NEIVA
27,172,"CESSNA AIRCRAFT"
28,152,"CESSNA AIRCRAFT"
29,737-2C3,"BOEING COMPANY"
30,737-46B,"BOEING COMPANY"
31,"EMB-820C CARAJA",EMBRAER
32,B200,"BEECH AIRCRAFT"
33,BRAVO700,"AEROBRAVO INDÚSTRIA AERONÁUTICA LTDA"
34,EMB-202A,EMBRAER
35,"EC 120 B","EUROCOPTER FRANCE"
36,AB-115,"AERO BOERO"
37,AB-180,"AERO BOERO"
38,"MONTAER MC01","MONTAER LTDA."
39,EMB-711ST,NEIVA
40,56-C-1,NEIVA
41,"BRAVO 700","AERO BRAVO INDÚSTRIA AERONÁUTICA LTDA."
42,206L-4,"BELL HELICOPTER"
43,EMB-121A,EMBRAER
44,EMB-720C,NEIVA
45,58,"BEECH AIRCRAFT"
46,PA-25-260,LAVIASA
47,PA-12,"PIPER AIRCRAFT"
48,"R22 BETA","ROBINSON HELICOPTER"
49,"ANTONOV AN-2","PZL - MIELEC"
50,A320-214,"AIRBUS S.A.S."
51,PA-31T1,"PIPER AIRCRAFT"
52,C90,"BEECH AIRCRAFT"
53,SKYPAX,Desconhecido
54,PA-25-235,LAVIASA
55,737-8EH,"BOEING COMPANY"
56,"ERJ 190-200 LR",EMBRAER
57,"GULFSTREAM 200","ISRAEL AIRCRAFT"
58,PA-34-200,"PIPER AIRCRAFT"
59,7GCBC,"AMERICAN CHAMPION"
60,J250,"CIMAFER AER E PROD"
61,ADVENTURE,"TRIKE ICAROS"
62,EMB-500,EMBRAER
63,EMB-203,EMBRAER
64,177B,"CESSNA AIRCRAFT"
65,PA-28R-201,"PIPER AIRCRAFT"
66,210N,"CESSNA AIRCRAFT"
67,PA-28-140,"PIPER AIRCRAFT"
68,FEN-U-201,FENIX
69,"RANSCOYOTE S6ES","FLYER INDÚSTRIA AERONÁUTICA LTDA."
70,"FC-04 PEGASUS","FERNANDO JOSE C. CIRIGLIANO"
71,KOLBFLYER,Desconhecido
72,PA-46R-350T,"PIPER AIRCRAFT"
73,C90A,"BEECH AIRCRAFT"
74,SZD-48-3,PZL-BIELSKO
75,RV-10,"Jader Gomes Chaves"
76,PA-31T,"PIPER AIRCRAFT"
77,35-C33A,"BEECH AIRCRAFT"
78,172RG,"CESSNA AIRCRAFT"
79,EMB-202,EMBRAER
80,NYNJA,"JOSE ANTONIO ZATTAR JR"
81,P64B,Desconhecido
82,170,"CESSNA AIRCRAFT"
83,510,"CESSNA AIRCRAFT"
84,172D,"CESSNA AIRCRAFT"
85,U206E,"CESSNA AIRCRAFT"
86,KF-IV,COAER
87,"208 ANFIBIO","CESSNA AIRCRAFT"
88,KW1,IPE
89,RV-10,"FLYER INDUSTRIA AERONAUTICA LTDA"
90,GESPI-2000,AUTOGIRO
91,"ERJ 190-200 IGW",EMBRAER
92,EMB-110P1,EMBRAER
93,S-76C,"SIKORSKY AIRCRAFT"
94,A150M,"CESSNA AIRCRAFT"
95,BUCKER,"ANDRE A.FERDINAND"
96,"VENTURA IAM","INACIO AMERICO M. NETO"
97,172R,"CESSNA AIRCRAFT"
98,DA20-C1,"DIAMOND AIRCRAFT"
99,"CONQUEST 180","DIEGO CÂMARA MORAIS"
100,F33A,"BEECH AIRCRAFT"
101,"NIMBUS 3D","SHEMPP-HIRTH FLUGZEUBAU"
102,95-B55,"BEECH AIRCRAFT"
103,M20K,"MOONEY AIRCRAFT"
104,560XLS+,"CESSNA AIRCRAFT"
105,56-C,NEIVA
106,B300,"RAYTHEON AIRCRAFT"
107,182N,"CESSNA AIRCRAFT"
108,56-B,NEIVA
109,CAP-4,"CIA AERONAUTICA PAULISTA"
110,"KOLB FLYER SS",Desconhecido
111,PARADISE,Desconhecido
112,EMB-201,NEIVA
113,PA-25-260,"PIPER AIRCRAFT"
114,R182,"CESSNA AIRCRAFT"
115,"T-51 MUSTANG",Desconhecido
116,EMB-202A,NEIVA
117,RV-7A,"IVAN CESAR ROSSONI"
118,"COMP AIR",Desconhecido
119,R22,"ROBINSON HELICOPTER"
120,170A,"CESSNA AIRCRAFT"
121,A188A,"CESSNA AIRCRAFT"
122,182P,"CESSNA AIRCRAFT"
123,182M,"CESSNA AIRCRAFT"
124,150L,"CESSNA AIRCRAFT"
125,EMB-712,EMBRAER
126,208,"CESSNA AIRCRAFT"
127,LK-10A,LAISTER-KAUFFMAN
128,"CONQUEST 180",Desconhecido
129,RV-10,"HELIO APARECIDO GARDINI"
130,210M,"CESSNA AIRCRAFT"
131,310Q,"CESSNA AIRCRAFT"
132,"EMB-820C NAVAJO",EMBRAER
133,AMT-200SO,AEROMOT
134,U206F,"CESSNA AIRCRAFT"
135,EMB-721C,NEIVA
136,737-73S,"BOEING COMPANY"
137,412,"BELL HELICOPTER"
138,A320-232,"AIRBUS S.A.S."
139,F28MK0100,FOKKER
140,PC-12,PILATUS
141,402B,"CESSNA AIRCRAFT"
142,"FOX V-5 SUPER","STARFLIGHT IND. AER. LTDA"
143,737-322,"BOEING COMPANY"
144,PA-18,"PIPER AIRCRAFT"
145,"CP-750 BERYL","SERGIO MAURO"
146,PETREL,Desconhecido
147,150J,"CESSNA AIRCRAFT"
148,T188C,"CESSNA AIRCRAFT"
149,GA200C,GIPPSLAND
150,690B,"TWIN COMMANDER"
151,180C,"CESSNA AIRCRAFT"
152,150M,"CESSNA AIRCRAFT"
153,140,"CESSNA AIRCRAFT"
154,SR22,"CIRRUS DESIGN"
155,PA-46-500TP,"PIPER AIRCRAFT"
156,1124A,"ISRAEL AIRCRAFT"
157,208B,"CESSNA AIRCRAFT"
158,EMB-712,NEIVA
159,"VIMANA R-12",Desconhecido
160,310B,"CESSNA AIRCRAFT"
161,MU-2B-20,MITSUBISHI
162,J3C-65,"PIPER AIRCRAFT"
163,ST-10,SOCATA
164,150H,"CESSNA AIRCRAFT"
165,M20TN,"MOONEY AIRCRAFT"
166,"EC 135T1","EUROCOPTER DEUTSCHLAND"
167,150F,"CESSNA AIRCRAFT"
168,"EC 225 LP","EUROCOPTER FRANCE"
169,C90GT,"HAWKER BEECHCRAFT"
170,PA-28R-200,"PIPER AIRCRAFT"
171,B200,"HAWKER BEECHCRAFT"
172,525A,"CESSNA AIRCRAFT"
173,IPE-02B,IPE
174,"AS 350 B3",HELIBRAS
175,EMB-121A1,EMBRAER
176,T210M,"CESSNA AIRCRAFT"
177,ADVENTURE,Desconhecido
178,A-122-A,XAVANTE
179,PA-32R-301T,"PIPER AIRCRAFT"
180,172M,"CESSNA AIRCRAFT"
181,PA-34-220T,"PIPER AIRCRAFT"
182,HB-350B,HELIBRAS
183,EMB-721D,NEIVA
184,560,"CESSNA AIRCRAFT"
185,"EAGLE II",Desconhecido
186,"EXCEL CARGO","JOÃO ISMAEL VICENTINI"
187,ATR-72-212A,"AEROSPATIALE AND ALENIA"
188,"RANS S-10-AVIAO",Desconhecido
189,430,"BELL HELICOPTER"
190,"EC 130 B4","EUROCOPTER FRANCE"
191,"AS 355 N","EUROCOPTER FRANCE"
192,177RG,"CESSNA AIRCRAFT"
193,206L-3,"BELL HELICOPTER"
194,58,"RAYTHEON AIRCRAFT"
195,T210N,"CESSNA AIRCRAFT"
196,"FOX NEWSTAR V7","EURIPIDES MOURA FERREIRA FILHO"
197,182T,"CESSNA AIRCRAFT"
198,182Q,"CESSNA AIRCRAFT"
199,RV-10,"MARCELO QUEIROZ DUARTE"
200,"SUPERPULSAR 100",Desconhecido
201,"ORION CLIPPER","ORION IND AER LTDA"
202,525,"CESSNA AIRCRAFT"
203,"REMOS G3-600",REMOS
204,695A,"TWIN COMMANDER"
205,ATR-42-500,"AEROSPATIALE AND ALENIA"
206,"LANCAIR 320 FB","LANCAIR INTERNATIONAL CO."
207,"EXCEL CARGO","ROBSON DIAS LIMA"
208,"RANS S6ESCOIOTE","FLYER LTDA"
209,140A,"CESSNA AIRCRAFT"
210,"STOL CH 701",AEROBRAVO
211,PA-36-300,"PIPER AIRCRAFT"
212,300,"BEECH AIRCRAFT"
213,ATR-42-300,"AEROSPATIALE AND ALENIA"
214,200,"BEECH AIRCRAFT"
215,KR-2S,"ANDRE BARBOSA S."
216,269A-1,"HUGHES HELICOPTER"
217,35-B33,"BEECH AIRCRAFT"
218,"PELICAN 500BR",Desconhecido
219,PA-18-150,"PIPER AIRCRAFT"
220,BAE125-800B,"RAYTHEON AIRCRAFT"
221,"EXCEL CARGO",Desconhecido
222,S550,"CESSNA AIRCRAFT"
223,"AS 355 F2",HELIBRAS
224,EMB-145LR,EMBRAER
225,150E,"CESSNA AIRCRAFT"
226,"IBIS GS 700",Desconhecido
227,"RANS S9 CHAOS",Desconhecido
228,RV-10,"TERRA AMBIENTAL E INCORPORADORA LTDA"
229,500,"CESSNA AIRCRAFT"
230,AMT-600,AEROMOT
231,T207A,"CESSNA AIRCRAFT"
232,A109E,AGUSTA
233,RV6,"RUY A. TEXTOR E OUTROS"
234,EMB-110P,EMBRAER
235,737-3Q8,"BOEING COMPANY"
236,LA-4-200,"LAKE AIRCRAFT"
237,PA-23-250,"PIPER AIRCRAFT"
238,N-592-420,Desconhecido
239,U206G,"CESSNA AIRCRAFT"
240,"FK-9 MKIV",Desconhecido
241,EMB-810D,EMBRAER
242,737-36N,"BOEING COMPANY"
243,EMB-145LU,EMBRAER
244,EMB-711A,NEIVA
245,182R,"CESSNA AIRCRAFT"
246,EXPLORER,"INPAER INDÚSTRIA PAULISTA DE AERONÁUTICA"
247,R-12,"HENRIQUE HAMILTON CERQUEIRA SANTOS"
248,ATR-72-212,"AEROSPATIALE AND ALENIA"
249,55C,LEARJET
250,A319-132,"AIRBUS S.A.S."
251,RV-9A,"FLYER LTDA"
252,U206B,"CESSNA AIRCRAFT"
253,210K,"CESSNA AIRCRAFT"
254,"FOX V5 SUPER",Desconhecido
255,"FOX II",Desconhecido
256,"COYOTE II",Desconhecido
257,"PELICAN 500BR","FLYER LTDA"
258,180G,"CESSNA AIRCRAFT"
259,"ALTO HENKEL","FRANCISCO BRAGANTE JUNIOR"
260,"FOX IIB",Desconhecido
261,PA-34-200T,"PIPER AIRCRAFT"
262,BEARHAWK,"GIUSEPPE ZANETTI"
263,FASCINATION,ULTRALEGER
264,E55,"BEECH AIRCRAFT"
265,"VIMANA R-12","SEVERINO BEZERRA DA COSTA"
266,"AS 350 BA",HELIBRAS
267,A320-251N,"AIRBUS S.A.S."
268,ML450T,MICROLEVE
269,AT-402B,"AIR TRACTOR"
270,EMB-711B,NEIVA
271,PIK-20D,EIRIAVION
272,ADVENTURE,"TRIKE ICAROS IND. AERONAUTICA LTDA"
273,"BRAVO 700","AEROBRAVO IND. AERONÁUTICA"
274,182F,"CESSNA AIRCRAFT"
275,777-32WER,"BOEING COMPANY"
276,"IKARUS C42","COMCO IKARUS GMBH"
277,PA-28-180,"PIPER AIRCRAFT"
278,C90GT,"RAYTHEON AIRCRAFT"
279,172A,"CESSNA AIRCRAFT"
280,P56,Desconhecido
281,RV-10,"FLYER INDÚSTRIA AERONÁUTICA LTDA."
282,ADVENTURE,"TRIKE ICAROS IND. AER. LTDA."
283,AW109SP,AGUSTA
284,MX-7-180,"MAULE AIRCRAFT"
285,PZL-106BT-601,PZL-OKECIE
286,"COZY MARK IV","PAULO R. M. MAIA"
287,120,"CESSNA AIRCRAFT"
288,206H,"CESSNA AIRCRAFT"
289,PA-31-350,"PIPER AIRCRAFT"
290,"FASCINATION D4 BK-BR","JOSE MAINHARDT"
291,407,"BELL HELICOPTER"
292,CTU,Desconhecido
293,AT-402A,"AIR TRACTOR"
294,"SZD 51 1",Desconhecido
295,"SUPER PETREL LS","FILIPE LEITE DE AZEVEDO SODRÉ"
296,172P,"CESSNA AIRCRAFT"
297,500-S,"TWIN COMMANDER"
298,PA-28R-201T,"PIPER AIRCRAFT"
299,T210R,"CESSNA AIRCRAFT"
300,AT-802A,"AIR TRACTOR"
301,"FK9 Mk IVB","PRISCILA CABRAL FIGUEIREDO"
302,"PARADISE P1 LSA","PARADISE INDUSTRIA AERONÁUTICA LTDA."
303,AA-2120,"OGLACIR ALVES SPENCE"
304,R66,"ROBINSON HELICOPTER"
305,"FOX V5 TANDEM","STARFOX LSA INDÚSTRIA AERONÁUTICA"
306,"PARADISE P1","LOUIS CRAIG WOODSON HARTMAN"
307,RV-7,"FLYER INDUSTRIA AERONÁUTICA LTDA"
308,"CONQUEST 180","Geraldo Rodrigues de Castro"
309,RV-7A,"RPC ASSESSORIA E REPRES. LTD"
310,AT-502,"AIR TRACTOR"
311,"CONQUEST 180","PATRICIA VIEIRA DE MELLO"
312,"SUPER PETREL LS","EDRA AERONÁUTICA LTDA"
313,EMB-711T,NEIVA
314,MC01,"MONTAER LTDA"
315,B36TC,"BEECH AIRCRAFT"
316,PA-31-325,"PIPER AIRCRAFT"
317,T182T,"CESSNA AIRCRAFT"
318,PA-42-720,"PIPER AIRCRAFT"
319,RV-9A,"Fuad Miguel D Epiro"
320,A36,"RAYTHEON AIRCRAFT"
321,"REGENTE -42 ELO","NEIVA INDUSTRIA AERONAUTICA LTDA"
322,T206H,"CESSNA AIRCRAFT"
323,M-4,"MAULE AIRCRAFT"
324,"FOX V5 ADVANCED","VECTOR ULTRALIGHT IND.COM.LTDA"
325,172K,"CESSNA AIRCRAFT"
326,SR20,"CIRRUS DESIGN"
327,KR2S,"OSMAR FERNANDES LEAL"
328,RV-10,"SUZANE MARI PIANA"
329,GC-1A,"GLOBE AIRCRAFT"
330,PA-28R-180,"PIPER AIRCRAFT"
331,G36,"HAWKER BEECHCRAFT"
332,RV-9A,"MENDES-ADM., PARTICIPACOES E EMPREENDIMENTOS LTDA"
333,PA-32R-301,"PIPER AIRCRAFT"
334,"ECHO P92S","JESUS FERNANDEZ DOMINGUEZ"
335,MI-171A1,"MIL HELICOPTER"
336,PA-31,"PIPER AIRCRAFT"
337,"ECHO P92","RICARDO VIDAL CESAR"
338,ATR-42-320,"AEROSPATIALE AND ALENIA"
339,"HUMMINGBIRD H1","HUMMINGBIRD INDÚSTRIA AERONÁUTICA LTDA."
340,RV-10,"MARCO AURELIO M. DE SOUSA"
341,"GREAT BLK.HAWK",Desconhecido
342,D3,"TACILLO JACOB FROHLICH"
343,"SG-ES COYOTE",Desconhecido
344,550,"CESSNA AIRCRAFT"
345,A-122-B,XAVANTE
346,ACROBATA,Desconhecido
347,PA-30,"PIPER AIRCRAFT"
348,B90,"BEECH AIRCRAFT"
349,"BUMERANGUE EX-27 CROSS-CONTRY","JOSE ROBERTO BARBOSA"
350,C-45H,"BEECH AIRCRAFT"
351,AA-155,Desconhecido
352,"TROJAN T-28B","NORTH AMERICAN"
353,"PELICAN 500 BR",Desconhecido
354,"CONQUEST 180","INPAER - IND. PAULISTA DE AERONÁUTICA"
355,T210L,"CESSNA AIRCRAFT"
356,P210N,"CESSNA AIRCRAFT"
357,"P2004 BRAVO","DURVAL DE MORAES FARIAS JUNIOR"
358,MU-2B-60,MITSUBISHI
359,RV-9A,"HENRIQUE CASTRO"
360,L410UVP-E20,LET
361,L410UVP-E20,"AIRCRAFT INDUSTRIES"
362,COYOTE,Desconhecido
363,"FENIX 0202",Desconhecido
364,TBM700N,SOCATA
365,"P2002 SIERRA RG","HERMANO VIANNA"
366,56-C-1REBOCADOR,NEIVA
367,A56TC,"BEECH AIRCRAFT"
368,V35,"BEECH AIRCRAFT"
369,"LAKE 250",CONSOLIDATED
370,D35,"BEECH AIRCRAFT"
371,RV-10,"MELO TRANSPORTES E LOGÍSTICA LTDA"
372,"IKARUS C42B",Desconhecido
373,172S,"CESSNA AIRCRAFT"
374,310R,"CESSNA AIRCRAFT"
375,PC-12/47,PILATUS
376,RV-10,Desconhecido
377,95-A55,"BEECH AIRCRAFT"
378,AW119MKII,AGUSTA
379,"AS 350 BA","EUROCOPTER FRANCE"
380,G58,"HAWKER BEECHCRAFT"
381,"CORSARIO MK-5","DANIEL TOMIASI"
382,BO-105S,"EUROCOPTER DEUTSCHLAND"
383,RV-9A,Desconhecido
384,A150K,"CESSNA AIRCRAFT"
385,RV-10,"DOREEDSON RIBEIRO PEREIRA"
386,EMB-711,NEIVA
387,AW139,AGUSTA
388,AT-401B,"AIR TRACTOR"
389,PA-39,"PIPER AIRCRAFT"
390,GV-2,"IVAN MOLCHAN"
391,"FASCINATION D4",ULTRALEGER
392,"F1A EAGLE","Orion Ltda."
393,172G,"CESSNA AIRCRAFT"
394,EMB-110,EMBRAER
395,727-264,"BOEING COMPANY"
396,ADVENTURE,"TRIKE LTDA"
397,PC-6/B2-H4,PILATUS
398,"COMP AIR CA-7",Desconhecido
399,"BRAVO 700",Desconhecido
400,TBM700B,SOCATA
401,650,"CESSNA AIRCRAFT"
402,PA-22-135,"PIPER AIRCRAFT"
403,"FOX VECTOR V6",Desconhecido
404,525B,"CESSNA AIRCRAFT"
405,"COMPAIR 8 ANFHIBIAN","JOHN SEELY"
406,"FALCAO AG-22",Desconhecido
407,737-3Y0,"BOEING COMPANY"
408,"FOX V5 ADVANCED","VECTOR ULTRALIGHT IND. E COM. LTDA"
409,"CONDOR MB",Desconhecido
410,KR-2S,"DANILO JOSE BATTISTELLA"
411,"P 2002 SIERRA",TECNAN
412,"FOX II",VECTOR
413,MISTRAL,ULTRALEGER
414,"FALCON G3",Desconhecido
415,PA-28-235,"PIPER AIRCRAFT"
416,"PARADISE P-1","ROMULO ARAUJO / HUGO FREIRE M JUNIOR"
417,U206C,"CESSNA AIRCRAFT"
418,AGUIAII,"FABIANO COSTA"
419,RV-7A,"CLAIBER VIEIRA BORGES"
420,M20M,"MOONEY AIRCRAFT"
421,RV-7,"CHELBER VICENTINI LILISCHKIES"
422,"P92-S ECHO","CONSTRUZIONI AERONAUTICHE TECNAM S.R.L"
423,TU206G,"CESSNA AIRCRAFT"
424,FLOPES,Desconhecido
425,180D,"CESSNA AIRCRAFT"
426,23,"BEECH AIRCRAFT"
427,P-1,"EMERSON DE SOUZA PEDRO"
428,400A,"BEECH AIRCRAFT"
429,"SU-26 AVIA",Desconhecido
430,"BRAVO 700",AEROBRAVO
431,RV-7,"KAIO AMARAL RANGEL"
432,"PARADISE P-1","HENRIQUE DRUMOND LIMA DE OLIVEIRA"
433,"FOXTROT 4","DENNIS E. MOELLMAN"
434,"300LS HUMMINGBIRD","STOCO AVIAÇÃO"
435,IPE-06,Desconhecido
436,S2R-H80,"THRUSH AIRCRAFT"
437,"CORSARIO MK III",Desconhecido
438,SANHAUA,Desconhecido
439,"VELOCITY 173 RG","KELLERMAN HERBERTO"
440,"KOLBFLYER SS","FLYER LTDA"
441,"QR-15P LARUS","QUINTINO ROMAGNA FILHO"
442,"FOX V-4",Desconhecido
443,500-B,"TWIN COMMANDER"
444,A319-115,"AIRBUS S.A.S."
445,AT-802,"AIR TRACTOR"
446,"SUPER PETREL LS","SCODA AERONÁUTICA"
447,"Girocóptero Tipo AC-4","DEVONSIR ZACHIAS PINTO"
448,"EXCEL CARGO","AVENOR AUGUSTO MONTANDON"
449,56-B-1,NEIVA
450,210R,"CESSNA AIRCRAFT"
451,"P2004 BRAVO","MICROLEVE COM. E IND. LTDA"
452,"WEGA XP-400","Jader Rocha Dutra"
453,"ERJ 190-100 IGW",EMBRAER
454,S2R-T34,"THRUSH AIRCRAFT"
455,AMT-200,AEROMOT
456,AMT-100,AEROMOT
457,429,"BELL HELICOPTER"
458,"AA-155 QUASAR LITE II","AEROALCOOL  TECNOLOGIA  LTDA"
459,"PARADISE P1 LSA","PARADISE INDUSTRIA AERONÁUTICA LTDA"
460,PA-28R-201T,"CHINCUL SACAIFI"
461,N35,"BEECH AIRCRAFT"
462,"ZENAIR CH 701","KLAUS SCHUMACHER"
463,M35,"BEECH AIRCRAFT"
464,"CHRISTEN EAGLE II","JIM DICKINSON"
465,"ML 400T",MICROLEVE
466,C-195-T,"ULISSES BERGGREN"
467,AMAZON,"AERO BRAVO INDÚSTRIA AERONÁUTICA LTDA."
468,"FOX V-5 SUPER","CARLOS HENRIQUE FONSECA DE OLIVEIRA"
469,B200GT,"TEXTRON AVIATION"
470,EMB-505,EMBRAER
471,"COYOTE II",FLYER
472,A109S,AGUSTA
473,172B,"CESSNA AIRCRAFT"
474,"CONQUEST 180","HOTEL CHAMA LTDA ME"
475,HA-420,"HONDA AIRCRAFT COMPANY"
476,A321-231,"AIRBUS S.A.S."
477,CONQUEST,"ALBERTO LOURENCO"
478,"PARADISE I",Desconhecido
479,C90A,"RAYTHEON AIRCRAFT"
480,RV-10,"IBRAEX COMÉRCIO E IMPORT AERONAVES LTDA"
481,A100,"BEECH AIRCRAFT"
482,C90GTI,"TEXTRON AVIATION"
483,PATRIOT,"ORG. CONT. ST. LUZIA"
484,560XL,"CESSNA AIRCRAFT"
485,175,"CESSNA AIRCRAFT"
486,"CONQUEST 180","INPAER - IND. PTA DE AERONÁUTICA LTDA"
487,PZL-SW4,PZL-SWIDNIK
488,A185E,"CESSNA AIRCRAFT"
489,MU-2B-40,MITSUBISHI
490,S-92A,"SIKORSKY AIRCRAFT"
491,ANJOFAR,Desconhecido
492,ULTRALEVE,Desconhecido
493,"FOX VECTOR V-6","EDUARDO F. H. GONTIJO"
494,"STORM 300 BRG",Desconhecido
495,REBEL,"ROSS HANSEN"
496,"FLYER GT",Desconhecido
497,"VIRUS SW","FLAVIO FROSSARD"
498,L23,LET
499,G58,"BEECH AIRCRAFT"
500,PA-32-301FT,"PIPER AIRCRAFT"
501,114,COMMANDER
502,VENTURA,"NILSON ROBERTO YAMAÇAKE"
503,C90GTI,"HAWKER BEECHCRAFT"
504,"P92 GOLF",TECNAM
505,F35,"BEECH AIRCRAFT"
506,PA-25-260,"CHINCUL SACAIFI"
507,"EA 300/LC","EXTRA FLUGZEUGPRODUKTIONS-UND VERTRIEBS"
508,M-6-235,"MAULE AIRCRAFT"
509,AB-2,Desconhecido
510,EMB-200,NEIVA
511,EMB-710,NEIVA
512,G36,"BEECH AIRCRAFT"
513,S10-VT,STEMME
514,PA-18-135,"PIPER AIRCRAFT"
515,NE-821,NEIVA
516,35A,LEARJET
517,269C-1,SCHWEIZER
518,A109C,AGUSTA
519,AT-6D,"NORTH AMERICAN"
520,F90,"BEECH AIRCRAFT"
521,M-7-235,"MAULE AIRCRAFT"
522,"PITTS SPECIAL","ROBERT MOHR"
523,PA-24-260,"PIPER AIRCRAFT"
524,337A,"CESSNA AIRCRAFT"
525,172N,"CESSNA AIRCRAFT"
526,A320-233,"AIRBUS S.A.S."
527,180J,"CESSNA AIRCRAFT"
528,172L,"CESSNA AIRCRAFT"
529,"SEAWIND   AVIAO",Desconhecido
530,RV-7A,Desconhecido
531,SONEX,"SONEX LTDA"
532,"MCC VENTURA","MARIO CARLOS CARDOSO"
533,S2A,Desconhecido
534,"PITTSS15 AVIAO",Desconhecido
535,AA-155,"CLINICA MEDICA PRIETO & ANTUNES LTDA."
536,"VIMANA R-12","WILSON VALADAO DE AZEREDO"
537,HT-295,"ALLIANCE AIRCRAFT"
538,A-122-B,AEROTEC
539,"FOX V5",Desconhecido
540,MD2D,"THALIS PACHECO"
541,EXPLORER,INPAER
542,95-C55,"BEECH AIRCRAFT"
543,"ASTRO AC-101","MARCO AUGUSTO SCOBOZA GULIN"
544,ADVENTURE,"TRIKE ICAROS IND. AER. LTDA"
545,RV-9,Desconhecido
546,EXPLORER,"ALBERTO BENEDITO PAULO IRALAH"
547,KP-2U-SOVA,"KAPPA 77"
548,PARADISE,"SELMO CERRATO"
549,"P2002 SIERRA RG","FRANCISCO ALBINO DA SILVA"
550,210D,"CESSNA AIRCRAFT"
551,AB139,AGUSTA
552,"DA 62","DIAMOND AIRCRAFT"
553,"MISTRAL 582C",Desconhecido
554,"P2002 SIERRA DELUXE","COSTRUZIONI AERONAUTICHE TECNAM S.R.L."
555,8KCAB,"AMERICAN CHAMPION"
556,A188,"CESSNA AIRCRAFT"
557,MXT-7-180,"MAULE AIRCRAFT"
558,P-56C,"ELDO COELHO DE CASTRO"
559,PA-28R-201,"CHINCUL SACAIFI"
560,PA-28-161,"PIPER AIRCRAFT"
561,BN-2A-7,BRITTEN-NORMAN
562,172F,"CESSNA AIRCRAFT"
563,"CORSARIOMK III",MICROLEVE
564,"KOLBFLYER SS","ANTONINO MOTA"
565,"FALCAO AG-21",Desconhecido
566,AC-12,Desconhecido
567,182D,"CESSNA AIRCRAFT"
568,"KIT FOX","NILSON SULZBACH PERES"
569,PA-32-300,"PIPER AIRCRAFT"
570,"FOZ 400",Desconhecido
571,"CONQUEST 180LS","INPAER INDUSTRIA PAULISTA DE AERONAUTICA"
572,"JABIRU J250","CIMATEL BRAZIL LTDA"
573,G58,"RAYTHEON AIRCRAFT"
574,RV-10,"AEROCENTRO AERONAVES"
575,"CONQUEST 160",Desconhecido
576,"BRAVO 700","Esc Rib Pret de Pil Veic Autopropulsado"
577,210H,"CESSNA AIRCRAFT"
578,182G,"CESSNA AIRCRAFT"
579,"CORSARIO MK5","TARSO GOROZEVSKI"
580,"EC 155 B1","EUROCOPTER FRANCE"
581,"RANS S-6ES","FLYER IND. AER."
582,A185F,"CESSNA AIRCRAFT"
583,"RÉPLICA J3","ERICO BROSSI"
584,RV-10,"ROBERTO VENICIO LIMA DANTAS"
585,737-3S3,"BOEING COMPANY"
586,"RANS S-9",Desconhecido
587,PA-28RT-201T,"PIPER AIRCRAFT"
588,"G FLY","CARLOS GILBERTO FRAGA MARQUES"
589,"TALON A600","Vinicius Marini Ferreira"
590,58P,"BEECH AIRCRAFT"
591,AA-155,"AEROALCOOL  TECNOLOGIA  LTDA"
592,SAVANNAH-S,"AEROBRAVO INDÚSTRIA AERONÁUTICA LTDA"
593,ADVENTURE,"Trike Icaros Ind. Aeronáutica Ltda."
594,CONQUEST,"ANTONIO BARBOSA"
595,"AS 350 B3","EUROCOPTER FRANCE"
596,182A,"CESSNA AIRCRAFT"
597,ADVENTURE,"JOAO LUIZ FAUSTINO"
598,"TRIKE XC","JOSÉ CLAUDIO RIBEIRO"
599,"P92 EAGLET","HELIO NEGRI FERNANDES"
600,182K,"CESSNA AIRCRAFT"
601,CA-9,"ROGER AGNELLI"
602,M20B,"MOONEY AIRCRAFT"
603,ESQUALO,Desconhecido
604,ADVENTURE,"ISMAEL FERNANDES NUNES JUNIOR"
605,"EDGE XT-912-B","SPS TRADING IMP. E EXPORTADORA LTDA"
606,"KOLBFLYER SS","FLYER INDUSTRIA AERONAUTICA LTDA"
607,"CONQUEST 180","MANUEL WERNER"
608,KR-2S,Desconhecido
609,"ASTRO II",Desconhecido
610,G103,GROB
611,KR-LAC,Desconhecido
612,"GOLDEN VENTURA","TOMAS EDSON ANDRADE DA CUNHA"
613,M-7-235B,"MAULE AIRCRAFT"
614,RV-10,"F.C. OLIVEIRA & CIA LTDA"
615,S-76A,"SIKORSKY AIRCRAFT"
616,PA-25-235,"CHINCUL SACAIFI"
617,170B,"CESSNA AIRCRAFT"
618,STORM-30B,"FLYER INDUSTRIA AERONAUTICA LTDA"
619,RV-10,"ANTONIO ETTORE NALLIN"
620,RV-10,"JAMAICA EMBALAGEM LTDA"
621,"FOX VECTOR V6","FLAVIO GIMENIS"
622,EXPLORER,"INPAER - INDÚSTRIA PAULISTA DE AERONÁUTI"
623,"SLICK 540","SLICK AIRCRAFT COMPANY"
624,AMAZON,"AEROBRAVO IND. AERONAUTICA LTDA"
625,400A,"HAWKER BEECHCRAFT"
626,727-222,"BOEING COMPANY"
627,C17L,"BEECH AIRCRAFT"
628,"CABRI G2",GUIMBAL
629,SEDAN,"REGIS ALBINO SAUER SCHAMANN"
630,680,"CESSNA AIRCRAFT"
631,"DA 42 NG","DIAMOND AIRCRAFT"
632,"TRIKE ALBATROZ","MARCO ANTONIO FREITAS JUNIOR"
633,"STORM 300B",Desconhecido
634,A300-B4-203,"AIRBUS S.A.S."
635,737-76N,"BOEING COMPANY"
636,"SAVAGE CUB-S","Kurt Kofler"
637,PA-28-160,"PIPER AIRCRAFT"
638,AW139,"LEONARDO S.P.A"
639,"FK-9MK IV","B&F TECHNIK"
640,ATR-72-212A,"ATR - GIE AVIONS DE TRANSPORT RÉGIONAL"
641,"SPORTSMAN 2+2","NATANAEL RIBEIRO CINTRA"
642,"AS 350 B3","AIRBUS HELICOPTERS"
643,PA-46-600TP,"PIPER AIRCRAFT"
644,"LEGACY L2K","PETROLIFT AVIA SVCS INC OF NC"
645,"EXEC 162 F",FLYER
646,"CONQUEST 180","SAVIO PEDROTTI"
647,RV-10,"MARCIO DE CASTRO VALADARES"
648,S2R-510,"THRUSH AIRCRAFT"
649,RV-10,"JOSE GUILHERME FRANCA MENDES DE CARVALHO"
650,"CONQUEST 180","EDRA AERONAUTICA LTDA"
651,N-592-420,"NEIVA INDUSTRIA AERONÁUTICA LTDA"
652,"45 (LEARJET 75)","BOMBARDIER, LEARJET"
653,RV-7A,"ALFREDO DE CASTRO NEVES FILHO"
654,"BRAVO 700","AEROBRAVO INDÚSTRIA AERONÁUTICA LTDA."
655,C90GTI,"RAYTHEON AIRCRAFT"
656,RV-9A,"SALUSTINO REFEIÇÕES LTDA ME"
657,"ERJ 190-400",EMBRAER
658,"ANSSEC180 AVIAO",INDISPONIVEL
659,AT-602,"AIR TRACTOR"
660,RV-9A,"ANTONIO CELSO QUEIROZ BORBOREMA"
661,"CALIF A21S","CAPRONI VIZZOLA"
662,"FOX V-5 SUPER",Desconhecido
663,TB20,SOCATA
664,"PETREL AV12","EDRA HELICENTRO PEÇAS E MANUTENÇÃO LTDA."
665,"P1 LSA",PARADISE
666,150K,"CESSNA AIRCRAFT"
667,RV-10,"ADILSON CARMO E SILVA"
668,WEGA,"ENIO ROBERTO WILDNER"
669,"BRAVO 700","GILBERTO MONTENEGRO COSTA FILHO"
670,EUROPA,"EUROPA AVIATION"
671,"RANS COYOTE II","FLYER IND. AERONÁUTICA LTDA"
672,M20F,"MOONEY AIRCRAFT"
673,"MONTAER MC01","MONTAER - MONTAGEM E MANUTENCAO AERONAUTICA LTDA"
674,H35,"BEECH AIRCRAFT"
675,EXCEL,"MARCELO FERNANDES"
676,"CONQUEST 180 LSA","INPAER INDÚSTRIA PAULISTA DE AERONÁUTICA"
677,"FOX ADVANCED","VECTOR LTDA"
678,31A,LEARJET
679,EMB-720,NEIVA
680,"GESPI 2001","GESPI IND.LTDA"
681,P35,"BEECH AIRCRAFT"
682,PA-42,"PIPER AIRCRAFT"
683,400A,"RAYTHEON AIRCRAFT"
684,310G,"CESSNA AIRCRAFT"
685,AT-502A,"AIR TRACTOR"
686,"ZENITH CH 701","FABIO OLIVEIRA"
687,"VIMANA R-12","JOÃO FRANÇA NETO"
688,35,"BEECH AIRCRAFT"
689,"CH 601 XL","ROBERTO BRITO"
690,RV-9A,"FLYER INDÚSTRIA AERONÁUTICA LTDA."
691,150G,"CESSNA AIRCRAFT"
692,"P92 S ECHO",Desconhecido
693,"STORM 300 B","S.G. AVIATION"
694,"SPORTCRUISER SS120","CIMAER AER. E PROD. AERONAUTICOS LTDA"
695,"P92 ECHO","CONSTRUZIONI AERONAUTICHE TECNAM S.R.L."
696,LIGHTNING,"CIMAER AERON E PROD AERONAUTICOS LTDA"
697,182C,"CESSNA AIRCRAFT"
698,"P2002 SIERRA DE LUXE","CONSTRUZIONI AERONAUTICHE TECNAM S.R.L"
699,"MISTRAL 582C",ULTRALEGER
700,EXPLORER,"INPAER - Indústria Paulista de Partes e"
701,ACS-330,"ACS-Indústria Aeronaútica LTDA"
702,"P92 ECHO 2000 RG",TECNAN
703,"CONQUEST 180","CAIO C J JORDAO"
704,"CONQUEST 210",Desconhecido
705,"RV-9 A","FLYER INDÚSTRIA AERONÁUTICA LTDA."
706,681,"TWIN COMMANDER"
707,"CONQUEST 180","INPAER IND. PAULISTA DE AERONÁUTICA LTDA"
708,PIX,"SERGIO LEMOS SOLHA"
709,182J,"CESSNA AIRCRAFT"
710,"EC 130 T2","AIRBUS HELICOPTERS"
711,ASTORE,"Construzioni Aeronautiche TECNAM Srl"
712,MU-2B-25,MITSUBISHI
713,"DYNAMIC WT9","EDRA AERONÁUTICA LTDA"
714,CAP-TAIN,"EVALDO TORRES SANTOS"
715,"P2004 BRAVO",TECNAM
716,"PARADISE P1","FABIO LUIZ DE ALMEIDA"
717,1124,"ISRAEL AIRCRAFT"
718,"AS 365 N2","EUROCOPTER FRANCE"
719,RV-10,"SARI MARIANA COSTA GASPAR"
720,"Conquest 180","INPAER - Indústria Paulista de Partes e"
721,"BK117 D-3","AIRBUS HELICOPTERS DEUTSCHLAND"
722,182S,"CESSNA AIRCRAFT"
723,ASW20,"ALEXANDER SCHLEICHER"
724,"BRAVO 700","AERO BRAVO"
725,"45 (LEARJET 75)",LEARJET
726,SF50,"CIRRUS DESIGN"
727,AW119MKII,"LEONARDO S.P.A"
728,"ERJ 190-400","YABORA INDUSTRIA AERONAUTICA S.A"
729,"SEAMAX M-22","SEAMAX AIRCRAFT LTDA."
730,PA-11,"PIPER AIRCRAFT"
731,"GLASTAR TRICICL","LUCAS ZANELLO"
732,"ACRO SPORT 2","NELSON TINOCO"
733,"CONQUEST 180 LSA","INPAER INDÚSTRIA PAULISTA DE AERONAVES"
734,"FOX V-4","VECTOR ULTRALIGHT IND E COM LTDA"
735,"PELICAN 500BR","FLYER INDÚSTRIA AERONÁUTICA LTDA."
736,B60,"BEECH AIRCRAFT"
737,QCF-2,"WACO AIRCRAFT COMPANY"
738,RV-10,AEROCENTRO
739,AKB-18,"ALEXANDRE HENRIQUE DE BARROS"
740,"PARADISE P1 LSA",PARADISE
741,7SLX,"JOSÉ AZEVEDO BAPTISTA"
742,LONG-EZ,"LUIZ CARLOS M. URBANO"
743,RVB-N77,"RVB BALÕES E INFLÁVEIS LTDA-ME"
744,172E,"CESSNA AIRCRAFT"
745,"P2002 SIERRA","Micro Leve Com Ind Ltda"
746,"CONQUEST 180","INPAER IND.LTDA"
747,PA-32-301XTC,"PIPER AIRCRAFT"
