id_local,municipio,uf
1,CORUMBÁ,MS
2,"RIO CLARO",RJ
3,"IPIXUNA DO PARÁ",PA
4,"ANGRA DOS REIS",RJ
5,GOIATUBA,GO
6,MANDAGUAÇU,PR
7,IRACEMA,RR
8,"CABO FRIO",RJ
9,ANAPU,PA
10,"SÃO FÉLIX DO XINGU",PA
11,VIAMÃO,RS
12,"NOVO PROGRESSO",PA
13,"CONCEIÇÃO DAS ALAGOAS",MG
14,"SÃO LOURENÇO DO SUL",RS
15,URUGUAIANA,RS
16,TIETÊ,SP
17,CUIABÁ,MT
18,"SANTA TEREZINHA",MT
19,"PORTO NACIONAL",TO
20,"RIO BRILHANTE",MS
21,DESCONHECIDO,MT
22,CONCÓRDIA,SC
23,"BELO HORIZONTE",MG
24,"CAMPO GRANDE",MS
25,BRASÍLIA,DF
26,"VILA VELHA",ES
27,ANÁPOLIS,GO
28,MACAPÁ,AP
29,UIRAMUTÃ,RR
30,"AMERICANO DO BRASIL",GO
31,IPATINGA,SP
32,SOROCABA,SP
33,PARAUAPEBAS,PA
34,"SÃO PAULO",SP
35,"BOM JESUS",PI
36,PIRACICABA,SP
37,FORTALEZA,CE
38,JAGUARÉ,ES
39,"SÃO DESIDÉRIO",BA
40,"RIO DE JANERIO",RJ
41,PACAJÁ,PA
42,CURITIBA,PR
43,BAURU,SP
44,PICOS,PI
45,SALVADOR,BA
46,"SANTA ROSA",RS
47,CATANDUVA,SP
48,QUIRINÓPOLIS,GO
49,POCONÉ,MT
50,"TANGARÁ DA SERRA",MT
51,"CAMPO MAGRO",PR
52,CURRALINHO,PA
53,"SÃO JOSÉ DO RIO PRETO",SP
54,CAJATI,SP
55,JUNDIAÍ,SP
56,SINOP,MT
57,PIRAQUARA,PR
58,TERESINA,PI
59,"SÃO JOSÉ DOS PINHAIS",PR
60,"SANTA HELENA DE GOIÁS",GO
61,MACAÚBA,MS
62,TIJUCAS,SC
63,MARINGÁ,PR
64,"SÃO MIGUEL DO IGUAÇU",PR
65,BIRITIBA-MIRIM,SP
66,IGARATINGA,MG
67,"SANTANA DO LIVRAMENTO",RS
68,MARITUBA,PA
69,"NOVA MARINGA",MT
70,RONCADOR,PR
71,"MANOEL URBANO",AC
72,"PRESIDENTE CASTELO BRANCO",PR
73,GUARÁ,SP
74,CANTÁ,RR
75,"MINAS NOVAS",MG
76,CORRENTINA,BA
77,IBITINGA,SP
78,MACATUBA,SP
79,"OURILÂNDIA DO NORTE",PA
80,DOURADOS,MS
81,QUADRA,SP
82,"SÃO JOÃO DEL REI",MG
83,GUABIRUBA,SC
84,ITIRAPINA,SP
85,UNAÍ,MG
86,FORMOSA,GO
87,"REGENTE FEIJÓ",SP
88,CAMAPUÃ,MT
89,ITUMBIARA,GO
90,CANARANA,MT
91,"RIO DE JANEIRO",RJ
92,DIVINÓPOLIS,MG
93,ARAPONGAS,PR
94,VERÍSSIMO,MG
95,PINHÃO,PR
96,BEBEDOURO,SP
97,BARREIRINHAS,MA
98,MARANGUAPE,CE
99,"BARRA DO BUGRES",MT
100,"NOVO AIRÃO",AM
101,"CRUZ ALTA",RS
102,UBATUBA,SP
103,"BOA VISTA DOS RAMOS",AM
104,FLORIANÓPOLIS,SC
105,ARACAJU,SE
106,DESCONHECIDO,SP
107,"PORTO SEGURO",BA
108,"FOZ DO IGUAÇU",PR
109,MONTENEGRO,RS
110,"PETROLINA DE GOIÁS",GO
111,"BRAGANÇA PAULISTA",SP
112,FAMA,MG
113,LENÇOIS,BA
114,ITABERÁ,SP
115,CAJAMAR,SP
116,PIRAJUÍ,SP
117,CAMPINAS,SP
118,SANTOS,SP
119,MANAUS,AM
120,REDENÇÃO,PA
121,CANDÓI,PR
122,"RIO CLARO",SP
123,"SÃO JOÃO DA BOA VISTA",SP
124,"SÃO MATEUS",ES
125,"BARRA DO RIBEIRO",RS
126,"FAZENDA SANTO INÁCIO – RS",RS
127,BARREIRAS,BA
128,"SANTA MÔNICA",PR
129,"SÃO MATEUS",MA
130,BURITIS,MG
131,"BREJINHO DE NAZARÉ",TO
132,"BOA VISTA",RR
133,TOLEDO,PR
134,ITURAMA,MG
135,"CAMPO VERDE",MT
136,FRUTAL,MG
137,"NOVA MUTUM",MT
138,VIANA,ES
139,GUARUJÁ,SP
140,GUARATINGUETÁ,SP
141,ARAQUARI,SC
142,IBIRUBÁ,RS
143,"VILA RICA",MT
144,"ALTO PARNAÍBA",MA
145,JACAREACANGA,PA
146,"SANTANA DE PARNAÍBA",SP
147,GARUVA,SC
148,VILHENA,RO
149,BLUMENAU,SC
150,"SÃO PEDRO",SP
151,QUERÊNCIA,MT
152,"TABOÃO DA SERRA",SP
153,ITABAPOANA,ES
154,ITÁPOLIS,SP
155,"NOVA CANTU",PR
156,"SANTANA DO PARNAÍBA",SP
157,COARI,AM
158,VARGINHA,MG
159,VOTUPORANGA,SP
160,CAÇU,GO
161,ILHOTA,SC
162,LÁBREA,AM
163,GOIÂNIA,GO
164,PIRASSUNUNGA,SP
165,"VÁRZEA GRANDE",MT
166,"SÃO GABRIEL DA CACHOEIRA",AM
167,CAIRU,BA
168,CANELA,RS
169,SANTARÉM,PA
170,BIRIGUI,SP
171,"MATA DE SÃO JOÃO",BA
172,ITAITUBA,PA
173,"SÃO LUÍS",MA
174,SALES,SP
175,NATAL,RN
176,"CAMPOS DOS GOYTACAZES",RJ
177,GUARULHOS,SP
178,IRECÊ,BA
179,"PRIMAVERA DO LESTE",MT
180,"SANTO ANTÔNIO DE LEVERGER",MT
181,"SÃO JOSÉ DOS CAMPOS",SP
182,"ROSÁRIO DO SUL",RS
183,TAPURAH,MT
184,CARAZINHO,RS
185,"CANDEIAS DO JAMARI",RO
186,COTEGIPE,BA
187,"VENDA NOVA DO IMIGRANTE",ES
188,"VILA PROPÍCIO",GO
189,MARICÁ,RJ
190,"PEDRO JUAN CABALLERO",EXTERIOR
191,UBERLÂNDIA,MG
192,"NOVA INDEPENDÊNCIA",SP
193,"LAGOA DA CONFUSÃO",TO
194,DESCONHECIDO,INDETERMINADO
195,AQUIRAZ,CE
196,PLANALTINA,GO
197,ARAGARÇAS,GO
198,PROMISSÃO,SP
199,TURMALINA,MG
200,"CACHOEIRA DO SUL",RS
201,"SANTA MARIA MADALENA",RJ
202,SILVÂNIA,GO
203,"PARÁ DE MINAS",MG
204,RECIFE,PE
205,DESCONHECIDO,BA
206,"ALTO GARÇAS",MT
207,"NOVA UBIRATÃ",MT
208,DESCONHECIDO,PR
209,"PONTA GROSSA",PR
210,DESCONHECIDO,DF
211,"BARÃO DE MELGAÇO",MT
212,TATUÍ,SP
213,ALCÂNTARA,MA
214,DESCONHECIDO,AM
215,"ALTO HORIZONTE",GO
216,DESCONHECIDO,MG
217,MACAÉ,RJ
218,DESCONHECIDO,GO
219,UMUARAMA,PR
220,DESCONHECIDO,RS
221,"ALTO ALEGRE",RR
222,"GENERAL CARNEIRO",MT
223,"JUIZ DE FORA",MG
224,IPIGUÁ,SP
225,DESCONHECIDO,PI
226,UAUÁ,BA
227,"SANTA FÉ DO SUL",SP
228,ACREÚNA,GO
229,ATIBAIA,SP
230,"ALTO PARAÍSO",GO
231,GUIRATINGA,MT
232,DESCONHECIDO,PA
233,TARUMIRIM,MG
234,"ÁGUA CLARA",MS
235,PAUINI,AM
236,"COUTO DE MAGALHÃES",TO
237,PALMEIRA,PR
238,JURUÁ,AM
239,ITAQUAQUECETUBA,SP
240,"SANTA BÁRBARA",SP
241,"NOVA ARIPUANÃ",AM
242,"BELA VISTA DO PARAÍSO",PR
243,DESCONHECIDO,RJ
244,"CAMPINA GRANDE DO SUL",PR
245,"PORTO ALEGRE",RS
246,GURINHATÃ,MG
247,JUQUIÁ,SP
248,"ARTUR NOGUEIRA",SP
249,CASCAVEL,PR
250,TEFÉ,AM
251,"SÃO BORJA",RS
252,GUARULHOSS,SP
253,TAUBATÉ,SP
254,"CAMPO BONITO",PR
255,"RIO BRANCO",AC
256,BELÉM,PA
257,TAPIRAMUTÁ,BA
258,ITAMARAJU,BA
259,MARABÁ,PA
260,ITANHAÉM,SP
261,"PEDRA PRETA,",MT
262,POTIRENDABA,SP
263,OROCÓ,PE
264,PATROCÍNIO,MG
265,LUZIÂNIA,GO
266,"DOM PEDRITO",RS
267,AMERICANA,SP
268,ARIPUAÑA,MT
269,EDÉIA,GO
270,TAQUARUSSU,MS
271,CORGUINHO,MS
272,"SANTA RITA DO ARAGUAIA",GO
273,"RIBEIRÃO PRETO",SP
274,"PATOS DE MINAS",MG
275,CAICÓ,RN
276,"RIO GRANDE",RS
277,IRANDUBA,AM
278,"ARROIO GRANDE",RS
279,"SANTA INÊS",MA
280,ARUANÃ,GO
281,"SANTO ANTÔNIO DO LEVERGER",MT
282,OUROESTE,SP
283,SCHROEDER,SC
284,MAIRIPORÃ,SP
285,CUARI,AM
286,JATAÍ,GO
287,DESCONHECIDO,MA
288,DESCONHECIDO,SC
289,DESCONHECIDO,MS
290,DESCONHECIDO,TO
291,DESCONHECIDO,AC
292,DESCONHECIDO,PE
293,DESCONHECIDO,CE
294,DESCONHECIDO,AL
295,SAPEZAL,MT
296,DESCONHECIDO,RR
297,DESCONHECIDO,SE
298,DESCONHECIDO,ES
299,RAPOSA,MA
300,IPAUSSU,SP
301,IVINHEMA,MS
302,APUÍ,AM
303,"CAMPO MOURÃO",PR
304,"GUARANTÃ DO NORTE",MT
305,RIACHÃO,MA
306,CASCAVEL,CE
307,"RIO VERDE DE MATO GROSSO",MS
308,LEME,SP
309,"MANUEL URBANO",AC
310,ITAQUIRAÍ,MS
311,FRONTEIRA,MG
312,"PORTO BELO",SC
313,CANUTAMA,AM
314,"LEOPOLDO DE BULHÕES",GO
315,"CAMPO DO TENENTE",PR
316,ITAGUARA,MG
317,"SANTA RITA",PB
318,"SÃO PAULO DE OLIVENÇA",AM
319,"NOVA ANDRADINA",MS
320,CEZARINA,GO
321,"PARAÍSO DO NORTE",PR
322,COLNIZA,MT
323,ESMERALDAS,MG
324,ESTÂNCIA,SE
325,PEROLÂNDIA,GO
326,"SÃO GABRIEL DO OESTE",MS
327,CACEQUI,RS
328,GUAXUPÉ,MG
329,CAPITÓLIO,MG
330,CÁCERES,MT
331,RONDONÓPOLIS,MT
332,CAMANDUCAIA,MG
333,PARAGOMINAS,PA
334,IVATÉ,PR
335,"MARECHAL THAUMATURGO",AC
336,AMAPORÃ,PR
337,"FAZENDA FORTALEZA DE SANTA TEREZINHA",MG
338,"CAMPOS DO JORDÃO",SP
339,"VITÓRIA DA CONQUISTA",BA
340,"CALDAS NOVAS",GO
341,"MISSIONES,ARG",EXTERIOR
342,GAMELEIRA,PE
343,"CRUZEIRO DO SUL",AC
344,FEIJÓ,AC
345,GUAÍRA,SP
346,ITAMBÉ,RS
347,"RIO VERDE",GO
348,"RIBEIRÃO DAS NEVES",MG
349,LAPA,PR
350,ORIXIMINÁ,PA
351,EUNÁPOLIS,BA
352,PORECATU,PR
353,"RIACHÃO DAS NEVES",BA
354,"SANTA ISABEL",GO
355,"PEIXOTO DE AZEVEDO",MT
356,"MOGI DAS CRUZES",SP
357,GUAPIAÇU,SP
358,MIRANDA,MS
359,MACEIÓ,AL
360,VERA,MT
361,"SÃO MANOEL DO PARANÁ",PR
362,CABREÚVA,SP
363,"ABADIA DE GOIÁS",GO
364,"PASSO FUNDO",RS
365,ITAUÇU,GO
366,GUARABIRA,PB
367,CAIABU,SP
368,GUARARAPES,SP
369,LAVRAS,MG
370,MATÃO,SP
371,"BOM JESUS DOS PERDÕES",SP
372,"CAMPINA VERDE",MG
373,"CAFEZAL DO SUL",PR
374,FELIXLÂNDIA,MG
375,"ENGENHEIRO COELHO",SP
376,EXTREMOZ,RN
377,BELMONTE,BA
378,"TERESINA DE GOIÁS",GO
379,CAIEIRAS,SP
380,GUAPÉ,MG
381,PARAÚNA,GO
382,"SANTA MARGARIDA DO SUL",RS
383,IPIXUNA,AC
384,"VILA NOVA DOS MARTÍRIOS",MA
385,"RIO PARDO",RS
386,PARACATU,MG
387,INACIOLÂNDIA,GO
388,GUARAPARI,ES
389,"PORTO VELHO",RO
390,PENÁPOLIS,SP
391,AUTAZES,AM
392,"ITAPORANGA D’ AJUDA",CE
393,PARANATINGA,MT
394,CAARAPÓ,MS
395,LONDRINA,PR
396,"TEÓFILO OTONI",MG
397,"SANTA RITA DO PARDO",MS
398,CAROEBE,RR
399,"ALTA FLORESTA",MT
400,BARCELOS,AM
401,MAÇAMBARÁ,RS
402,JACAREZINHO,PR
403,"AGUA BOA",MT
404,URUAÇU,GO
405,COROMANDEL,MG
406,ITABORAÍ,RJ
407,CAÇAPAVA,SP
408,JACUPIRANGA,SP
409,ARARAS,SP
410,CAMOCIM,CE
411,"ENGENHEIRO BELTRÃO",PR
412,JAPURÁ,AM
413,AVARÉ,SP
414,LADÁRIO,MS
415,SORRISO,MT
416,"LUCAS DO RIO VERDE",MT
417,MONTIVIDIU,GO
418,"VISCONDE DO RIO BRANCO",MG
419,"PONTES DE LACERDA",MT
420,IBIRÁ,SP
421,CARAUARI,AM
422,GAUÍRA,SP
423,"SANTO ÂNGELO",RS
424,"FAZENDA NOVA ESPERANÇA, BALSAS",MA
425,TRINDADE,GO
426,LAGES,SC
427,SIDROLÂNDIA,MS
428,ITAJAÍ,SC
429,"SÃO JOÃO DEL REY",MG
430,"SÍTIO NOVO",MA
431,PARELHAS,RN
432,"SANTA CRUZ",PA
433,MARAÚ,BA
434,"NOVA BRASILÂNDIA",MT
435,"CAMPOS LINDOS",TO
436,ITAPURANGA,GO
437,BALSAS,MA
438,"CACHOEIRA DOURADA",GO
439,"LUIZ ALVES",SC
440,FRANCA,SP
441,TIROS,MG
442,"FAZENDA VIGOLO",MT
443,ELDORADO,SP
444,PALMAS,TO
445,"SÃO SEBASTIÃO",SP
446,TUPANCI,RS
447,"BOA VISTA",RS
448,ILHÉUS,BA
449,ITU,SP
450,DESCONHECIDO,RO
451,DESCONHECIDO,RN
452,"QUERENCIA DO NORTE",PR
453,ESPINGARDA,PI
454,IMBITUBA,SC
455,DRACENA,SP
456,LINS,SP
457,"SÃO JOSÉ",SC
458,CORUPÁ,SC
459,ENVIRA,AM
460,AFUÁ,PA
461,"SANTA MARIANA",PR
462,PIRANHAS,DF
463,ANANINDEUA,PA
464,"COSTA RICA",MS
465,"TRÊS RANCHOS",GO
466,CAMETÁ,PA
467,"LENÇOIS PAULISTA",SP
468,SONORA,MS
469,DESCONHECIDO,PB
470,"SÃO SEBASTIÃO DO PASSÉ",BA
471,QUELUZITO,MG
472,"ÁREA RURAL",SP
473,"CAMPO FLORIDO",MG
474,BRASÍLIADF,DF
475,"CAMPINA GRANDE",PB
476,JOINVILLE,SC
477,ARIQUEMES,RO
478,BANANEIRAS,PB
479,ITAPEVA,SP
480,"CAMPO NOVO",MT
481,"SERRANO DO MARANHÃO",MA
482,PRADÓPOLIS,SP
483,MUCUGÊ,BA
484,"ATALAIA DO NORTE",AM
485,BOITUVA,SP
486,GUARACI,SP
487,ALEGRETE,RS
488,JAÍBA,MG
489,COSMÓPOLIS,SP
490,"CHAPADÃO DO SUL",MS
491,CHAPADA,RS
492,CERES,GO
493,"SANTA CRUZ DO RIO PARDO",SP
494,BAGÉ,RS
495,"BOA ESPERANÇA",SP
496,"SANTA CRUZ DAS PALMAS",SP
497,"BARRA DO GARCAS",MT
498,RESENDE,RJ
499,ARAPUTANGA,MT
500,"VITÓRIA BRASIL",SP
501,"CONSELHEIRO LAFAIETE",MG
502,GUARAMIRANGA,CE
503,ARAGUARI,MG
504,"LUIS EDUARDO MAGALHÃES",BA
505,"ELDORADO DO SUL",RS
506,"SANTA TEREZINHA DE JESUS",PR
507,ERECHIM,RS
508,VALENÇA,RJ
509,"SÃO SEBASTIÃO",PA
510,"MATÕES DO NORTE",MA
511,"SENTO SÉ",BA
512,"PONTES E LACERDA",MT
513,IPATINGA,MG
514,"TRÊS LAGOAS",MS
515,"FONTE BOA",AM
516,CARAGUATATUBA,SP
517,"PALMEIRAS DE GOIÁS",GO
518,"RIBAS DO RIO PARDO",MS
519,GURUPÁ,PA
520,PERDIZES,MG
521,"JOÃO PESSOA",PB
522,"CORUMBÁ DE GOIÁS",GO
523,ALMEIRIM,PA
524,"CORNÉLIO PROCÓPIO",PR
525,"TUPI PAULISTA",SP
526,ITAQUI,RS
527,JUSCIMEIRA,MT
528,"PIMENTA BUENO",RO
529,ITUIUTABA,MG
530,SOURE,PA
531,BONITO,MS
532,"MOGI MIRIM",SP
533,MARILIA,SP
534,CASTRO,PR
535,CARUARU,PE
536,"PALMEIRA DAS MISSÕES",RS
537,"PRESIDENTE VENCESLAU",SP
538,"SANTO ANTÔNIO DO ARACANGUÁ",SP
539,"SANTANA DO ARAGUAIA",PA
540,"VILA BELA DA SANTÍSSIMA",MT
541,JALES,SP
542,"POÇOS DE CALDAS",MG
543,JAÚ,SP
544,ROSÁRIO,MA
545,"NOVO CRUZEIRO",MG
546,TAILÂNDIA,PA
547,CATALÃO,GO
548,MUCURI,BA
549,"NOVO HAMBURGO",RS
550,"NOVA ODESSA",SP
551,PALHOÇA,SC
552,"NOVA IGUAÇU",RJ
553,TORRES,RS
554,IGARASSÚ,PE
555,MARAGOGI,AL
556,AVANHANDAVA,SP
557,"SÃO FRANCISCO DE SALES",MG
558,ITAÍ,SP
559,"BOCA DO ACRE",AM
560,IPUÃ,SP
561,BREVES,PA
562,GUARIBA,SP
563,URUÇUÍ,PI
564,CIANORTE,PR
565,PEDRALVA,MG
566,"NOVO HORIZONTE",SP
567,AGUDO,RS
568,PETROLINA,PE
569,"SÃO SEBASTIÃO DA BOA VISTA",PA
570,CORIBE,BA
571,"RIBEIRÃO CASCALHEIRA",MT
572,CAMAPUÃ,MS
573,"SANTA RITA DO NOVO DESTINO",GO
574,OSÓRIO,RS
575,"RIBEIRO GONÇALVES",PI
576,YARA,MS
577,GUARAPUAVA,PR
578,"PARAGUAÇU PAULISTA",SP
579,ENTRE-IJUÍS,RS
580,BRAISLÂNDIA,MS
581,"PORTO UNIÃO",SC
582,JUARA,MT
583,"SIQUEIRA CAMPOS",PR
584,CARACARAÍ,RR
585,CARAVELAS,BA
586,"IRAÍ DE MINAS",MG
587,"VENÂNCIO AIRES",RS
588,"PORTO ALEGRE DO NORTE",MT
589,GARIBALDI,RS
590,"FORMOSA DO RIO PRETO",BA
591,COTIA,SP
592,TIMON,MA
593,MATINHOS,PR
594,ITAPETININGA,SP
595,MATA,RS
596,ITABELA,BA
597,"FRANCISCO BELTRÃO",PR
598,ANAMÃ,AM
599,"SÃO JOSÉ DO RIO PARDO",SP
600,"MONTES CLAROS",MG
601,CONFINS,MG
602,"BOM DESPACHO",MG
603,GUARATUBA,PR
604,"QUATRO IRMÃOS",RS
605,ITAPEMA,SC
606,"CAMPO NOVO DO PARECIS",MT
607,BARRETOS,SP
608,LAJES,SC
609,"SÃO LOURENÇO DA SERRA",SP
610,TRIUNFO,RS
611,"RESTINGA SECA",RS
612,BURITAMA,SP
613,"BOM JESUS DO GALHO",MG
614,PARATY,RJ
615,CATUTI,MG
616,BOTUCATU,SP
617,TAPERA,RS
618,"NOVO HORIZONTE",SC
619,"LAJEADO GRANDE",SC
620,"SANTA VITÓRIA DO PAMAR",RS
621,"ESPÍRITO SANTO DO DOURADO",MG
622,TUCUMÃ,PA
623,"SÃO SEPÉ",RS
624,SERTANÓPOLIS,PR
625,GUAÍBA,RS
626,CAÇAPAVA,RS
627,BAEPENDI,MG
628,NAVEGANTES,SC
629,CORINTO,MG
630,ELDORADO,MS
631,PARATI,RJ
632,IPUMIRIM,SC
633,"BOA VIAGEM",CE
634,ARAÇATUBA,SP
635,ITAPACI,GO
636,"SÃO FELIX DO ARAGUAIA",MT
637,"CHAPADÃO DO CÉU",GO
638,"ÁGUA LIMPA",GO
639,FIGUEIRÓPOLIS,TO
640,"TELEMACO BORBA",PR
641,UBARANA,SP
642,POXORÉU,MT
643,"TAQUARAÇU DE MINAS",MG
644,"BENTO GONÇALVES",RS
645,INHAMBUPE,BA
646,CUNHA,SP
647,ITACOATIARA,AM
648,"SALTO DE PIRAPORA",SP
649,"QUARTO CENTENÁRIO",PR
650,CURITIBANOS,SC
651,ARARI,MA
652,JI-PARANÁ,RO
653,"PEDRO OSÓRIO",RS
654,ITAPIRA,SP
655,"SÃO SEBASTIÃO DO PARAÍSO",MG
656,VINHEDO,SP
657,"DOMINGOS MARTINS",ES
658,"NOVA OLINDA DO NORTE",AM
659,"BOA VISTA DA APARECIDA",PR
660,"NOSSA SENHORA DO LIVRAMENTO",MT
661,ORÓS,CE
662,GOIÁS,GO
663,GRAJAÚ,MA
664,"MINAS GERAIS",MG
665,PARANAVAÍ,PR
666,MARILUZ,PR
667,NITERÓI,RJ
668,COCALINHO,MT
669,"NOVA ESPERANÇA",PR
670,RECURSOLÂNDIA,TO
671,AQUIDAUANA,MS
672,"ALTO PARAÍSO DE GOIÁS",GO
673,BARÃO,RS
674,"PONTA PORÃ",MS
675,"RIO NEGRINHO",SC
676,BONFIM,RR
677,"NOVA PORTEIRINHA",MG
678,CARIDADE,CE
679,TERESÓPOLIS,RJ
680,"SÃO LUÍS DE MONTES BELOS",GO
681,ITABAIANA,SE
682,AMAJARI,RR
683,JUINA,MT
684,"JOSÉ BONIFÁCIO",SP
685,"NOVA PONTE",MG
686,"SÃO JOSÉ",INDETERMINADO
687,UBERABA,MG
688,"LAGOA FORMOSA",MG
689,DESCONHECIDO,AP
690,CATANDUVAS,PR
691,"CAPÃO DO LEÃO",INDETERMINADO
692,URUGUAIANA,INDETERMINADO
693,CACOAL,RO
694,"SÃO PAULO",INDETERMINADO
695,"CAMPO GRANDE",INDETERMINADO
696,GUARAMIRIM,SC
697,MANGARATIBA,RJ
698,"NOVA RAMADA",RS
699,CHAVES,PA
700,"SANTA ROSA DO PURUS",AC
701,ARAGUAÍNA,TO
702,CAROLINA,MA
703,"QUATRO BARRAS",PR
704,"JOÃO MONLEVADE",MG
705,VITÓRIA,ES
706,JARINU,SP
707,ARARAQUARA,SP
708,"HUMBERTO DE CAMPOS",MA
709,DELTA,MG
710,"SÃO CAETANO DO SUL",SP
711,BATATAIS,SP
712,"MARECHAL CÂNDIDO RONDON",PR
713,LAGUNA,SC
714,COLÍDER,MT
715,CAIAPÔNIA,GO
716,DIAMANTINO,MT
717,"GUARACIABA DO NORTE",CE
718,"SANTA LUZIA",MA
719,"RIACHO DAS ALMAS",PE
720,"IPIRANGA DO NORTE",MT
721,BRUSQUE,SC
722,COLOMBO,PR
723,"ASSUNÇÃO DO PIAUÍ",PI
724,ARAPIRACA,AL
725,"SANTA VITÓRIA DO PALMAR",RS
726,"ÁLVARES MACHADO",SP
727,ITATIBA,SP
728,"SÃO JOAQUIM DA BARRA",SP
729,"PRINCESA ISABEL",PB
730,DESCONHECIDO,DESCONHECIDO
731,"BURITI ALEGRE",GO
732,PIRENÓPOLIS,GO
733,"VERA CRUZ",SP
734,PIRACANJUBA,GO
735,TABATINGA,AM
736,BARREIROS,PE
737,"SERRA AZUL",SP
738,"SÃO VICENTE DO SUL",RS
739,IBATÉ,SP
740,GOIOERÊ,PR
741,"BUENO BRANDÃO",MG
742,"CASIMIRO DE ABREU",RJ
743,"CHAPADA DOS GUIMARÃES",MT
744,ITAPIPOCA,CE
745,TAPES,RS
746,"RIO PARANAÍBA",MG
747,TAPIRA,PR
748,"ASSIS CHATEAUBRIAN",PR
749,BRASNORTE,MT
750,MARIÁPOLIS,SP
751,TUMIRITINGA,MG
752,"FORTALEZA DOS VALOS",RS
753,"PRESIDENTE OLEGÁRIO",MG
754,CAMBARÁ,PR
755,MARCELÂNDIA,MT
756,FORMIGA,MG
757,"MIRASSOL D'OESTE",MT
758,"OURO PRETO",MG
759,CAUCAIA,CE
760,IBATEGUARA,AL
761,BLUMENAL,SC
762,"CONSELHEIRO LAFAYETE",MG
763,"SANTO ANTÔNIO DE GOIÁS",GO
764,VIÇOSA,MG
765,PACARAIMA,RR
766,PINDORAMA,SP
767,"PARECI NOVO",RS
768,MAUÉS,AM
769,ANAJÁS,PA
770,CONFRESA,MT
771,TIRADENTES,MG
772,"PRESIDENTE BERNARDES",SP
773,"LUÍS EDUARDO MAGAL",BA
774,"SÃO VICENTE FERRER",PE
775,"CABECEIRA GRANDE",MG
776,"TERRA ROXA",PR
777,"VARGEM BONITA",MG
778,"SIMPLÍCIO MENDES",PI
779,"CACHOEIRO DE ITAPEMIRIM",ES
780,IGUATEMI,MS
781,FIGUEIRÃO,MS
782,CARAPICUÍBA,SP
783,MIRACATU,SP
784,MIGRANTINÓPOLIS,RO
785,"AFONSO CLÁUDIO",ES
786,"MIRASSOL D´OESTE",MT
787,PACAEMBU,SP
788,"CAMPO MORÃO",PR
789,CEARÁ-MIRIM,RN
790,GURUPI,TO
791,"SANTA CRUZ DO SUL",RS
792,"VARJÃO DE MINAS",MG
793,"BOM JESUS DE GOIÁS",GO
794,JAURU,MT
795,PALOTINA,PR
796,"SANTANA DO PARAISO",MG
797,"NOVA LIMA",MG
798,PIRAPORA,MG
799,"VALE VERDE",RS
800,"ALTO PARANÁ",PR
801,"MONTES CLAROS DE GOIÁS",GO
802,"SÃO CARLOS",SP
803,BEBERIBE,CE
804,OEIRAS,PI
805,JABORANDI,BA
806,CRISTALÂNDIA,TO
807,AGUAÍ,SP
808,"CIDADE GAÚCHA",PR
809,CAMPINÁPOLIS,MT
810,JANUÁRIA,MG
811,"TRAJANO DE MORAIS",RJ
812,"SENADOR JOSÉ PORFÍRIO",PA
813,JUATUBA,MG
814,MOGI-MIRIM,SP
815,PAULÍNIA,SP
816,"NOVA ERECHIM",SC
817,"SANTA RITA DE CÁSSIA",BA
818,MOSTARDAS,RS
819,ITOBI,SP
820,PARAUABEBAS,PA
821,"FAZENDA INHUMAS DO CHAPADÃO, MG",MG
822,TOROPI,RS
823,"FAZENDA TRÊS FIGUEIRAS",RS
824,"SÃO FELIX DO XINGU",MT
825,LAVÍNIA,SP
826,SOCORRO,SP
827,JABOTICABAL,SP
828,"ÉRICO - AMAJARI",RR
829,"COLINAS DO TOCANTINS",TO
830,FLORESTA,PE
831,"PORTO MURTINHO",MS
832,"PLANALTO DA SERRA",MT
833,"ÁGUAS CLARAS",MS
834,BOQUIRA,BA
835,"BOA VISTA DO TUPIM",BA
836,GOIANIRA,GO
837,GUARDA-MOR,MG
838,SIRINHAÉM,PE
839,PELOTAS,RS
840,MIRASSOL,SP
841,"SÃO JOSÉ DOS AUSENTES",RS
842,ESPUMOSO,RS
843,"NOVA GRANADA",SP
844,MESÓPOLIS,SP
845,ITARIRI,SP
846,TAIPU,RN
847,JAGUARÃO,RS
848,MACARANI,BA
849,BENEVIDES,PA
850,"CHAPADA GAÚCHA",MG
851,"SETE BARRAS",SP
852,GUARANI,MG
853,"SÃO PEDRO DO SUL",RS
854,"FAZENDA UBIRATÃ",MT
855,ARAMBARÉ,RS
856,"CORREIA PINTO",SC
857,IGARAPAVA,SP
858,CURVELO,MG
859,"SANTA TEREZINHA DO ITAIPU",PR
860,"BAIXA GRANDE DO RIBEIRO",PI
861,"JUAZEIRO DO NORTE",CE
862,JARDIM,MS
863,"PEDRA PRETA",MT
864,CONTAGEM,MG
865,GUARANÉSIA,MG
866,"TERRA BOA",PR
867,"PORTO DE MOZ",PA
868,NAZÁRIO,GO
869,MARAU,RS
870,CABECEIRAS,GO
871,GOIANÁ,MG
872,CORUMBAÍBA,GO
873,CUBATÃO,SP
874,"TRÊS PONTAS",MG
875,"PRESIDENTE EPITÁCIO",SP
876,NONOAI,RS
877,"PORTO DOS GAÚCHOS",MT
878,SANTIAGO,RS
879,GRAMADINHO,SC
880,MORPARÁ,BA
881,BATAYPORÃ,MS
882,"AEROPORTO DE KIMBERLEY",EXTERIOR
883,"CURRAIS NOVOS",RN
884,"FAZENDA BOA VISTA, QUIRINÓPOLIS",GO
885,MINEIROS,GO
886,"PAU D'ARCO",DF
887,"MARABÁ PAULISTA",SP
888,"FEIRA DE SANTANA",BA
889,ALPESTRE,RS
890,"CAMPO ALEGRE",AL
891,IBIÁ,MG
892,"BALSA NOVA",PR
893,ALTAMIRA,PA
894,LAJEADO,RS
895,"BONFINÓPOLIS DE MINAS",MG
896,"SANTO ANTÔNIO DO LESTE",MT
897,"RIO SONO",TO
898,MUCAJAÍ,RR
899,CARACOL,MS
900,"VILA BELA DA SANTÍSSIMA TRINDADE",MT
901,URBERLÂNDIA,MG
902,TOMBOS,MG
903,"ÁGUA AZUL DO NORTE",PA
904,IPIXUNA,AM
905,FORMIGUEIRO,RS
906,"ALTO PIQUIRI",PR
907,"BAIRRO MULTIRÃO I",GO
908,"CONCEIÇÃO DO ARAGUAIA",PA
909,"BOA VISTA",RO
910,"SANTA BÁRBARA D'OESTE",SP
911,ARAGUAIANA,MT
912,"SÃO MANUEL",SP
913,"NOVA BANDEIRANTES",MT
914,COCOS,BA
915,CANÁPOLIS,MG
916,IBOTIRAMA,BA
917,IMPERATRIZ,MA
918,JOAÇABA,SC
919,"CAXIAS DO SUL",RS
920,"VILA BOA",DESCONHECIDO
921,"RUY BARBOSA",BA
922,"SOMÁLIA, ÁFRICA",EXTERIOR
923,NERÓPOLIS,GO
924,UCHOA,SP
925,"SANTA RITA DO TRIVELATO",MT
926,"PRESIDENTE PRUDENTE",SP
927,"MORRO AGUDO",SP
928,"CAMPOS DE JULIO",MT
929,PLANURA,MG
930,"SÃO JOSÉ DE MIPIBU",RN
931,CURURUPU,MA
932,"BIRITIBA MIRIM",SP
933,"SÃO JOSÉ DE RIBAMAR",MA
934,"ALTO ALEGRE DO PINDARÉ",MA
935,UNIÃO,PI
936,ITAPORÃ,MS
937,"SANTA JULIANA",MG
938,ALTAIR,SP
939,"CAMPO LARGO",PR
940,PALESTINA,SP
941,"SANTA TEREZINHA DE ITAIPU",PR
942,CAMBÉ,PR
943,ITAPEVA,MG
944,"CARMO DA CACHOEIRA",MG
945,POMPÉU,MG
946,"FAGUNDES VARELA",RS
947,"RONDON DO PARÁ",PA
948,DELFINÓPOLIS,MG
949,"SANTA CARMEM",MT
950,"CHITOSE, JAPÃO",EXTERIOR
951,CHAPECÓ,SC
952,ITACARÉ,BA
953,"NOVO SÃO JOAQUIM",MT
954,SALINÓPOLIS,PA
955,ITUPEVA,SP
956,"CAPÃO DA CANOA",RS
957,"APARECIDA DE GOIÂNIA",GO
958,ALENQUER,PA
959,XINGUARA,PA
960,HUMAITÁ,AM
961,"BRASIL NOVO",PA
962,JUQUITIBA,SP
963,ITAPOÁ,SC
964,"JOÃO PINHEIRO",MG
965,"NOVA CRIXÁS",GO
966,VIDEIRA,SC
967,DIAMANTINA,MG
968,IGARAPÉ-AÇU,PA
969,"BOM SUCESSO",PR
970,SOBRAL,CE
971,NAVIRAÍ,MS
972,PIRACICABA,DF
973,"PASSO DO SOBRADO",RS
974,TAUÁ,CE
975,MARACAÍ,SP
976,"GAVIÃO PEIXOTO",SP
977,LONTRAS,SC
978,"SÍTIO SÃO JOSÉ, ZONA RURAL DE GLÓRIA D'OESTE",MT
979,"BOA ESPERANÇA DO SUL",SP
980,RONDOLÂNDIA,MT
981,"SANTA ISABEL DO RIO NEGRO",AM
982,TOMÉ-AÇU,PA
983,"NOVA UBIRATÃ",MS
984,"FELIZ NATAL",MT
985,"SÃO ROMÃO",MG
986,FERNANDÓPOLIS,SP
987,"MORADA NOVA DE MINAS",MG
988,"GAÚCHA DO NORTE",MT
989,"FAZENDA FLORESTA, BRASNORTE",MT
990,ILICÍNEA,MG
991,IRACEMA,RO
992,"PONTA PORÃ",PR
993,ITIQUIRA,MT
994,"DOIS VIZINHOS",PR
995,"GUARANI D'OESTE",SP
996,"NOVA XAVANTINA",MT
997,"LISBOA ,PORTUGAL",EXTERIOR
998,"NÍSIA FLORESTA",RN
999,JAGUARAÇU,MG
1000,"MAR DEL PLATA, ARGENTINA",EXTERIOR
